mean_fit_time,std_fit_time,mean_score_time,std_score_time,param_modelo__C,params,split0_test_f1,split1_test_f1,split2_test_f1,split3_test_f1,split4_test_f1,mean_test_f1,std_test_f1,rank_test_f1,split0_train_f1,split1_train_f1,split2_train_f1,split3_train_f1,split4_train_f1,mean_train_f1,std_train_f1,split0_test_recall,split1_test_recall,split2_test_recall,split3_test_recall,split4_test_recall,mean_test_recall,std_test_recall,rank_test_recall,split0_train_recall,split1_train_recall,split2_train_recall,split3_train_recall,split4_train_recall,mean_train_recall,std_train_recall,split0_test_precision,split1_test_precision,split2_test_precision,split3_test_precision,split4_test_precision,mean_test_precision,std_test_precision,rank_test_precision,split0_train_precision,split1_train_precision,split2_train_precision,split3_train_precision,split4_train_precision,mean_train_precision,std_train_precision,split0_test_roc_auc,split1_test_roc_auc,split2_test_roc_auc,split3_test_roc_auc,split4_test_roc_auc,mean_test_roc_auc,std_test_roc_auc,rank_test_roc_auc,split0_train_roc_auc,split1_train_roc_auc,split2_train_roc_auc,split3_train_roc_auc,split4_train_roc_auc,mean_train_roc_auc,std_train_roc_auc,split0_test_accuracy,split1_test_accuracy,split2_test_accuracy,split3_test_accuracy,split4_test_accuracy,mean_test_accuracy,std_test_accuracy,rank_test_accuracy,split0_train_accuracy,split1_train_accuracy,split2_train_accuracy,split3_train_accuracy,split4_train_accuracy,mean_train_accuracy,std_train_accuracy
0.4314018726348877,0.18037803636473462,0.13545684814453124,0.05415333986247452,0.0745934328572655,{'modelo__C': np.float64(0.0745934328572655)},0.8105726872246696,0.7883817427385892,0.7930283224400871,0.7410526315789474,0.7894736842105263,0.784501813638564,0.02315165899170262,1,0.7839572192513369,0.795219989136339,0.7880405766150561,0.8053619302949062,0.7917121046892039,0.7928583639973683,0.0072893320257272805,0.8070175438596491,0.8370044052863436,0.801762114537445,0.775330396475771,0.7929515418502202,0.8028132004018858,0.020200874228048376,1,0.8072687224669604,0.8052805280528053,0.8118811881188119,0.8261826182618262,0.7986798679867987,0.8098585849774406,0.00919994231201991,0.8141592920353983,0.7450980392156863,0.7844827586206896,0.7096774193548387,0.7860262008733624,0.767888742019995,0.036478121717190753,1,0.761954261954262,0.7854077253218884,0.7655601659751037,0.7855648535564853,0.7848648648648648,0.7766703743345208,0.010607576832965948,0.9214455409356725,0.908102612948428,0.9129658292653886,0.890482745961821,0.9259636563876652,0.9117920770997952,0.012353950436692506,9,0.9162840882524171,0.9198024956061457,0.9188255108696711,0.9232567377445342,0.9163366909011399,0.9189011046747815,0.002577392187083975,0.8785310734463276,0.8559322033898306,0.865819209039548,0.826025459688826,0.8642149929278642,0.8581045876984794,0.017594791626811632,1,0.8572438162544169,0.8667844522968198,0.8597173144876326,0.8717767573295655,0.8650653479335924,0.8641175376604053,0.0051630307740644
0.297784423828125,0.031049469298673013,0.10634412765502929,0.015372109971056784,0.9846738873614566,{'modelo__C': np.float64(0.9846738873614566)},0.8070175438596491,0.7875,0.7797356828193832,0.7415254237288136,0.7921225382932167,0.7815802377402126,0.0219136064449461,2,0.7849865951742627,0.7958740499457112,0.7997852925389157,0.8109854604200323,0.794341675734494,0.7971946147626832,0.008435851232575602,0.8070175438596491,0.8325991189427313,0.7797356828193832,0.7709251101321586,0.7973568281938326,0.797526856789551,0.021653380427952385,2,0.8061674008810573,0.8063806380638063,0.8195819581958196,0.8283828382838284,0.8030803080308031,0.8127186286910628,0.009679449263431512,0.8070175438596491,0.7470355731225297,0.7797356828193832,0.7142857142857143,0.7869565217391304,0.7670062071652815,0.03267793830592119,3,0.7648902821316614,0.7856377277599143,0.7809224318658281,0.7943037974683544,0.7857911733046287,0.7823090825060773,0.009720241036758052,0.9244517543859648,0.9068478848214532,0.9125078992920401,0.8917492657856095,0.9279735682819383,0.9127060745134011,0.012996944668494353,1,0.9190499983955773,0.9233645384319795,0.9226406763529034,0.9267493866972545,0.9191670988118583,0.9221943397379146,0.0028763902468470393,0.8757062146892656,0.8559322033898306,0.8587570621468926,0.8274398868458275,0.8656294200848657,0.8566929574313363,0.016136577889895587,2,0.8583038869257951,0.8671378091872791,0.8681978798586573,0.8760155422112328,0.8664782762274814,0.8672266788820892,0.00562799379187004
0.3310097694396973,0.05705699288453658,0.12808518409729003,0.026657075642773212,1.0129197956845732,{'modelo__C': np.float64(1.0129197956845732)},0.8052516411378556,0.7833333333333333,0.7797356828193832,0.7415254237288136,0.7921225382932167,0.7803937238625205,0.021332136397259317,3,0.7866738312735089,0.7954422137818774,0.799140708915145,0.8109854604200323,0.7941336230309615,0.7972751674843049,0.007963287355050646,0.8070175438596491,0.8281938325991189,0.7797356828193832,0.7709251101321586,0.7973568281938326,0.7966457995208286,0.02025271805460953,3,0.8061674008810573,0.8063806380638063,0.8184818481848185,0.8283828382838284,0.8041804180418042,0.812718628691063,0.009322788351133897,0.8034934497816594,0.7430830039525692,0.7797356828193832,0.7142857142857143,0.7869565217391304,0.7655108745156913,0.03234799344171719,5,0.7681007345225603,0.784796573875803,0.7806925498426023,0.7943037974683544,0.7843347639484979,0.7824456839315636,0.008468308168370705,0.9244700292397661,0.9068387262219861,0.912306410103767,0.8916850220264317,0.9279919236417035,0.9126584222467308,0.013026946042396981,2,0.9190568744928879,0.9233748465944982,0.922710542787751,0.9267654132738975,0.9191562236348506,0.9222127801567771,0.0028853738985674896,0.8742937853107344,0.8531073446327684,0.8587570621468926,0.8274398868458275,0.8656294200848657,0.8558454998042176,0.015867689628601345,3,0.8597173144876326,0.8667844522968198,0.8678445229681979,0.8760155422112328,0.8661250441540091,0.8672973752235784,0.005203855822467969
0.3327327728271484,0.04903557034120758,0.11718683242797852,0.011894687056363614,3.4702669886504163,{'modelo__C': np.float64(3.4702669886504163)},0.8043956043956044,0.7824267782426778,0.7787610619469026,0.7361702127659574,0.793859649122807,0.7791226612947898,0.02328888679493226,4,0.7860589812332439,0.7937024972855592,0.7991383952611739,0.8127018299246501,0.7939262472885033,0.797105590198626,0.008844114679979071,0.8026315789473685,0.8237885462555066,0.775330396475771,0.762114537444934,0.7973568281938326,0.7922443774634825,0.021554376373779886,5,0.8072687224669604,0.8041804180418042,0.8162816281628162,0.8305830583058306,0.8052805280528053,0.8127188710060433,0.00989707704780149,0.8061674008810573,0.7450199203187251,0.7822222222222223,0.7119341563786008,0.7903930131004366,0.7671473425802084,0.034141754174117175,2,0.7659352142110762,0.7834941050375134,0.7827004219409283,0.7955742887249737,0.7828877005347593,0.7821183460898502,0.00944224105650676,0.9250091374269006,0.9068112504235851,0.9103189940194345,0.8917309104258443,0.9282947870778268,0.9124330158747183,0.013224258952421464,3,0.9195135619559288,0.9238455860161756,0.9232041892372476,0.9272462105731907,0.919615842957865,0.9226850781480815,0.002894785085084406,0.8742937853107344,0.8531073446327684,0.8587570621468926,0.8246110325318247,0.867043847241867,0.8555626143728174,0.01706990765901315,4,0.8590106007067138,0.8657243816254417,0.8681978798586573,0.8770752384316496,0.8657718120805369,0.8671559825405998,0.0058273465954256426
0.325360631942749,0.059425056730564016,0.11393527984619141,0.017261465493704678,4.5705630998014515,{'modelo__C': np.float64(4.5705630998014515)},0.8043956043956044,0.779874213836478,0.7770419426048565,0.7346072186836518,0.793859649122807,0.7779557257286795,0.023814326034964573,5,0.7860589812332439,0.7950108459869848,0.7991383952611739,0.8122646584185046,0.7928416485900217,0.7970629058979858,0.00870077303413322,0.8026315789473685,0.8193832599118943,0.775330396475771,0.762114537444934,0.7973568281938326,0.7913633201947601,0.02030053570981795,6,0.8072687224669604,0.8063806380638063,0.8162816281628162,0.8305830583058306,0.8041804180418042,0.8129388930082435,0.00974025536609186,0.8061674008810573,0.744,0.7787610619469026,0.7090163934426229,0.7903930131004366,0.7656675738742039,0.03493383106477363,4,0.7659352142110762,0.7839572192513369,0.7827004219409283,0.7947368421052632,0.7818181818181819,0.7818295758653573,0.009214267450800909,0.9250274122807017,0.906600602635845,0.9099526500407558,0.8917859765051395,0.9283223201174743,0.9123377923159832,0.013247739173968008,7,0.9195697167506316,0.923881091909295,0.9233187243763418,0.927276546593265,0.9197062786403509,0.922750471653977,0.002879961129377499,0.8742937853107344,0.8516949152542372,0.8573446327683616,0.8231966053748232,0.867043847241867,0.8547147571900047,0.01757711232471786,5,0.8590106007067138,0.8664310954063604,0.8681978798586573,0.8767220063581773,0.8650653479335924,0.8670853860527004,0.005723860620534372
0.48795790672302247,0.1893526503190065,0.1278524875640869,0.027892446056348594,70.72114131472235,{'modelo__C': np.float64(70.72114131472235)},0.8026315789473685,0.7789473684210526,0.7770419426048565,0.7330508474576272,0.793859649122807,0.7771062773107423,0.02398537531783745,6,0.7864806866952789,0.7960954446854663,0.7982740021574973,0.8105489773950484,0.7943570265870863,0.7971512275040755,0.0077915724002308685,0.8026315789473685,0.8149779735682819,0.775330396475771,0.762114537444934,0.7973568281938326,0.7904822629260376,0.01912700851243537,10,0.8072687224669604,0.8074807480748075,0.8140814081408141,0.8283828382838284,0.8052805280528053,0.8124988490038433,0.008478741967375625,0.8026315789473685,0.7459677419354839,0.7787610619469026,0.7061224489795919,0.7903930131004366,0.7647751689819567,0.03486788720458753,7,0.7667364016736402,0.7850267379679144,0.783068783068783,0.7934668071654373,0.7837259100642399,0.782404927988003,0.008682482048179688,0.9254568713450292,0.9068020918241182,0.9091558518871293,0.8919419970631424,0.9283773861967695,0.9123468396632377,0.013312667546233267,6,0.9197387541428486,0.9240145253463401,0.9235071346801521,0.9274310885823234,0.9198963080491191,0.9229175621601566,0.0028689943034497594,0.8728813559322034,0.8516949152542372,0.8573446327683616,0.8217821782178217,0.867043847241867,0.8541493858828982,0.017782148331549896,6,0.8593639575971731,0.8671378091872791,0.8678445229681979,0.8756623101377605,0.8661250441540091,0.867226728808884,0.0051881690197019496
0.44068093299865724,0.13540345071136203,0.1313938617706299,0.020256222634650326,14.528246637516036,{'modelo__C': np.float64(14.528246637516036)},0.8043956043956044,0.779874213836478,0.7743362831858407,0.7330508474576272,0.793859649122807,0.7771033195996714,0.02441965616335677,7,0.7860589812332439,0.7960954446854663,0.798921832884097,0.8120624663435649,0.7939262472885033,0.797412994486975,0.00848163403427733,0.8026315789473685,0.8193832599118943,0.7709251101321586,0.762114537444934,0.7973568281938326,0.7904822629260376,0.02105869525188218,10,0.8072687224669604,0.8074807480748075,0.8151815181518152,0.8294829482948295,0.8052805280528053,0.8129388930082435,0.008936754072173033,0.8061674008810573,0.744,0.7777777777777778,0.7061224489795919,0.7903930131004366,0.7648921281477727,0.03580597561032836,6,0.7659352142110762,0.7850267379679144,0.7832980972515856,0.7953586497890295,0.7828877005347593,0.782501279950873,0.009454191346959387,0.9254568713450293,0.9065273338401092,0.9093298652770018,0.8919052863436123,0.928368208516887,0.9123175130645279,0.013337006972983255,8,0.9197112497536065,0.9239669932636158,0.9234332595154362,0.927400752562249,0.9198379255199194,0.9228700361229654,0.0028712211007791088,0.8742937853107344,0.8516949152542372,0.8559322033898306,0.8217821782178217,0.867043847241867,0.8541493858828982,0.018049393111184194,6,0.8590106007067138,0.8671378091872791,0.8681978798586573,0.8767220063581773,0.8657718120805369,0.8673680216382728,0.005668034265214143
0.21430883407592774,0.010723502582478695,0.10148415565490723,0.0063202760442293265,0.011526449540315618,{'modelo__C': np.float64(0.011526449540315618)},0.7973568281938326,0.7759336099585062,0.7858719646799117,0.7326315789473684,0.787746170678337,0.7759080304915912,0.022681818194450348,8,0.7777182645956079,0.7919389978213508,0.7865168539325843,0.7905223478729133,0.7853631895139268,0.7864119307472766,0.004982663897837302,0.793859649122807,0.8237885462555066,0.7841409691629956,0.7665198237885462,0.7929515418502202,0.792252106036015,0.01857719762498049,4,0.7995594713656388,0.7997799779977998,0.8085808580858086,0.8074807480748075,0.7909790979097909,0.801276030686769,0.006372920764609013,0.8008849557522124,0.7333333333333333,0.7876106194690266,0.7016129032258065,0.782608695652174,0.7612101014865106,0.03757105664260259,12,0.7570385818561001,0.7842502696871629,0.765625,0.7742616033755274,0.779826464208243,0.7722003838254067,0.00980531884977254,0.9163559941520467,0.9070218982113255,0.9119217489261541,0.887637665198238,0.9230635095447871,0.9092001632065102,0.012004094932909147,10,0.9116163641947861,0.9142292157378152,0.9138306334537669,0.9183651976019663,0.910956912548695,0.9137996647074059,0.0026029830858671143,0.8700564971751412,0.847457627118644,0.8629943502824858,0.8203677510608204,0.8628005657708628,0.8527353582815909,0.01778816243838919,10,0.8533568904593639,0.8650176678445229,0.8590106007067138,0.8625927234192865,0.8611797951253974,0.8602315355110569,0.003953046767515692
0.4568032741546631,0.22905176687223247,0.14541287422180177,0.07533741739705632,56.69849511478853,{'modelo__C': np.float64(56.69849511478853)},0.8026315789473685,0.7789473684210526,0.7692307692307693,0.7330508474576272,0.793859649122807,0.7755440426359248,0.02419217951469011,9,0.7849865951742627,0.7956639566395663,0.7976254722072316,0.8120624663435649,0.7932718393922952,0.7967220659513842,0.008796464744896032,0.8026315789473685,0.8149779735682819,0.7709251101321586,0.762114537444934,0.7973568281938326,0.7896012056573151,0.019890872942615895,12,0.8061674008810573,0.8074807480748075,0.812981298129813,0.8294829482948295,0.8041804180418042,0.8120585626844623,0.009188993324687826,0.8026315789473685,0.7459677419354839,0.7675438596491229,0.7061224489795919,0.7903930131004366,0.7625317285224008,0.03425125723550848,8,0.7648902821316614,0.7841880341880342,0.7828389830508474,0.7953586497890295,0.7826552462526767,0.7819862390824498,0.009768477432282728,0.9256122076023391,0.9067929332246514,0.9091009002903276,0.8919236417033773,0.9283314977973569,0.9123522361236105,0.013341425341126803,5,0.9197759996699474,0.9240299875901178,0.923515724815584,0.9273864431188176,0.9199174860253976,0.9229251282439728,0.00284379223532147,0.8728813559322034,0.8516949152542372,0.8516949152542372,0.8217821782178217,0.867043847241867,0.8530194423800733,0.017722612438555604,8,0.8583038869257951,0.8667844522968198,0.8674911660777385,0.8767220063581773,0.8654185800070646,0.866944018333119,0.005880692384659945
0.3310797691345215,0.07821705187828118,0.10001983642578124,0.01998642270082359,21.42302175774105,{'modelo__C': np.float64(21.42302175774105)},0.8026315789473685,0.7789473684210526,0.7692307692307693,0.7330508474576272,0.793859649122807,0.7755440426359248,0.02419217951469011,9,0.785829307568438,0.7956639566395663,0.7982740021574973,0.8111888111888111,0.7932718393922952,0.7968455833893217,0.008286070054967305,0.8026315789473685,0.8149779735682819,0.7709251101321586,0.762114537444934,0.7973568281938326,0.7896012056573151,0.019890872942615895,12,0.8061674008810573,0.8074807480748075,0.8140814081408141,0.8294829482948295,0.8041804180418042,0.8122785846866625,0.009221566095156536,0.8026315789473685,0.7459677419354839,0.7675438596491229,0.7061224489795919,0.7903930131004366,0.7625317285224008,0.03425125723550848,8,0.7664921465968586,0.7841880341880342,0.783068783068783,0.7936842105263158,0.7826552462526767,0.7820176841265336,0.008756390439704099,0.9254934210526317,0.9068112504235851,0.9093115480780678,0.8919511747430249,0.9283223201174744,0.9123779428829568,0.013295733388535094,4,0.9197106767454972,0.9240334236442904,0.9235019805988927,0.9274081934728333,0.9198585311184605,0.9229025611159949,0.002877259848184947,0.8728813559322034,0.8516949152542372,0.8516949152542372,0.8217821782178217,0.867043847241867,0.8530194423800733,0.017722612438555604,8,0.8590106007067138,0.8667844522968198,0.8678445229681979,0.8760155422112328,0.8654185800070646,0.8670147396380058,0.005447384421824039
